<?xml version="1.0" encoding="UTF-8"?>
<modification>
	<id>Journal2 Product Labels</id>
	<version>1.5.x</version>
	<vqmver required="true">2.4.0</vqmver>
	<author>digital-atelier.com</author>

    <file path="catalog/controller/product/" name="product.php">
        <operation error="skip">
            <search position="after"><![CDATA[$this->load->model('catalog/product');]]></search>
            <add><![CDATA[
                $this->load->model('journal2/product');
            ]]></add>
        </operation>
        <operation error="skip">
            <search position="after"><![CDATA[$this->data['points'] = $product_info['points'];]]></search>
            <add><![CDATA[
                if (true && $product_info['quantity'] <= 0) {
                    $this->data['stock_status'] = 'outofstock';
                }
                if (true && $product_info['quantity'] > 0) {
                    $this->data['stock_status'] = 'instock';
                }
                $this->data['labels'] = $this->model_journal2_product->getLabels($product_info['product_id']);
            ]]></add>
        </operation>
    </file>
	
	<file path="catalog/controller/product/" name="category.php">
		<operation error="skip">
			<search position="after"><![CDATA[$this->load->model('catalog/product');]]></search>
			<add><![CDATA[
                $this->load->model('journal2/product');
            ]]></add>
		</operation>
        <operation error="skip">
            <search position="after"><![CDATA['thumb'       => $image,]]></search>
            <add><![CDATA[
                'labels'        => $this->model_journal2_product->getLabels($result['product_id']),
            ]]></add>
        </operation>
	</file>

    <file path="catalog/controller/product/compare.php">
        <operation error="skip">
            <search position="after"><![CDATA[$this->load->model('catalog/product');]]></search>
            <add><![CDATA[
                $this->load->model('journal2/product');
            ]]></add>
        </operation>
        <operation error="skip">
            <search position="after"><![CDATA['thumb'        => $image,]]></search>
            <add><![CDATA[
                'labels'        => $this->model_journal2_product->getLabels($product_info['product_id']),
            ]]></add>
        </operation>
    </file>

    <file path="catalog/controller/account/wishlist.php">
        <operation error="skip">
            <search position="after"><![CDATA[$this->load->model('catalog/product');]]></search>
            <add><![CDATA[
                $this->load->model('journal2/product');
            ]]></add>
        </operation>
        <operation error="skip">
            <search position="after"><![CDATA['thumb'      => $image,]]></search>
            <add><![CDATA[
                'labels'        => $this->model_journal2_product->getLabels($product_info['product_id']),
            ]]></add>
        </operation>
    </file>

    <file path="catalog/controller/product/" name="special.php">
        <operation error="skip">
            <search position="after"><![CDATA[$this->load->model('catalog/product');]]></search>
            <add><![CDATA[
                $this->load->model('journal2/product');
            ]]></add>
        </operation>
        <operation error="skip">
            <search position="after"><![CDATA['thumb'       => $image,]]></search>
            <add><![CDATA[
                'labels'        => $this->model_journal2_product->getLabels($result['product_id']),
            ]]></add>
        </operation>
    </file>

    <file path="catalog/controller/product/" name="manufacturer.php">
        <operation error="skip">
            <search position="after"><![CDATA[$this->load->model('catalog/product');]]></search>
            <add><![CDATA[
                $this->load->model('journal2/product');
            ]]></add>
        </operation>
        <operation error="skip">
            <search position="after"><![CDATA['thumb'       => $image,]]></search>
            <add><![CDATA[
                'labels'        => $this->model_journal2_product->getLabels($result['product_id']),
            ]]></add>
        </operation>
    </file>

    <file path="catalog/controller/product/" name="search.php">
        <operation error="skip">
            <search position="after"><![CDATA[$this->load->model('catalog/product');]]></search>
            <add><![CDATA[
                $this->load->model('journal2/product');
            ]]></add>
        </operation>
        <operation error="skip">
            <search position="after"><![CDATA['thumb'       => $image,]]></search>
            <add><![CDATA[
                'labels'        => $this->model_journal2_product->getLabels($result['product_id']),
            ]]></add>
        </operation>
    </file>

    <file path="catalog/controller/product/" name="product.php">
        <operation error="skip">
            <search position="after"><![CDATA[$this->load->model('catalog/product');]]></search>
            <add><![CDATA[
                $this->load->model('journal2/product');
            ]]></add>
        </operation>
        <operation error="skip">
            <search position="after"><![CDATA['thumb'   	 => $image,]]></search>
            <add><![CDATA[
                'labels'        => $this->model_journal2_product->getLabels($result['product_id']),
            ]]></add>
        </operation>
    </file>

    <file path="catalog/controller/module/" name="bestseller.php">
        <operation error="skip">
            <search position="after"><![CDATA[$this->load->model('catalog/product');]]></search>
            <add><![CDATA[
                $this->load->model('journal2/product');
            ]]></add>
        </operation>
        <operation error="skip">
            <search position="after"><![CDATA['thumb'   	 => $image,]]></search>
            <add><![CDATA[
                'labels'        => $this->model_journal2_product->getLabels($result['product_id']),
            ]]></add>
        </operation>
    </file>

    <file path="catalog/controller/module/" name="featured.php">
        <operation error="skip">
            <search position="after"><![CDATA[$this->load->model('catalog/product');]]></search>
            <add><![CDATA[
                $this->load->model('journal2/product');
            ]]></add>
        </operation>
        <operation error="skip">
            <search position="after"><![CDATA['thumb'   	 => $image,]]></search>
            <add><![CDATA[
                'labels'        => $this->model_journal2_product->getLabels($product_info['product_id']),
            ]]></add>
        </operation>
    </file>

    <file path="catalog/controller/module/" name="latest.php">
        <operation error="skip">
            <search position="after"><![CDATA[$this->load->model('catalog/product');]]></search>
            <add><![CDATA[
                $this->load->model('journal2/product');
            ]]></add>
        </operation>
        <operation error="skip">
            <search position="after"><![CDATA['thumb'   	 => $image,]]></search>
            <add><![CDATA[
                'labels'        => $this->model_journal2_product->getLabels($result['product_id']),
            ]]></add>
        </operation>
    </file>

    <file path="catalog/controller/module/" name="special.php">
        <operation error="skip">
            <search position="after"><![CDATA[$this->load->model('catalog/product');]]></search>
            <add><![CDATA[
                $this->load->model('journal2/product');
            ]]></add>
        </operation>
        <operation error="skip">
            <search position="after"><![CDATA['thumb'   	 => $image,]]></search>
            <add><![CDATA[
                'labels'        => $this->model_journal2_product->getLabels($result['product_id']),
            ]]></add>
        </operation>
    </file>

</modification>

