<?xml version="1.0" encoding="UTF-8"?>
<modification>
	<id>Journal2 Image CDN</id>
	<version>1.5.x</version>
	<vqmver required="true">2.4.0</vqmver>
	<author>digital-atelier.com</author>
	
	<file error="skip" name="catalog/model/tool/image.php">
		<operation>
			<search position="replace"><![CDATA[return $this->config->get('config_ssl') . 'image/' . $new_image;]]></search>
			<add><![CDATA[return (defined('HTTPS_STATIC_CDN') ? HTTPS_STATIC_CDN : $this->config->get('config_ssl')) . 'image/' . $new_image;]]></add>
		</operation>
        <operation>
            <search position="replace"><![CDATA[return $this->config->get('config_url') . 'image/' . $new_image;]]></search>
            <add><![CDATA[return (defined('HTTP_STATIC_CDN') ? HTTP_STATIC_CDN : $this->config->get('config_url')) . 'image/' . $new_image;]]></add>
        </operation>
	</file>

</modification>

