<?xml version="1.0" encoding="UTF-8"?>
<modification>
    <id>Remove header categories and footer information pages</id>
    <version>1.4.x and 1.5.x</version>
    <vqmver required="true">2.4.0</vqmver>
    <author>digital-atelier.com</author>

    <file path="catalog/controller/common/" name="header.php">
        <operation error="skip">
            <search position="replace" trim="true"><![CDATA[$categories = $this->model_catalog_category->getCategories(0);]]></search>
            <add><![CDATA[$categories = $this->registry->get('config')->get('config_template') === 'journal2' ? array() : $this->model_catalog_category->getCategories(0);]]></add>
        </operation>
    </file>

    <file path="catalog/controller/common/" name="footer.php">
        <operation error="skip">
            <search position="replace" trim="true"><![CDATA[foreach ($this->model_catalog_information->getInformations() as $result) {]]></search>
            <add><![CDATA[foreach ($this->registry->get('config')->get('config_template') === 'journal2' ? array() : $this->model_catalog_information->getInformations() as $result) {]]></add>
        </operation>
    </file>

</modification>

