<?xml version="1.0" encoding="UTF-8"?>
<modification>
	<id>Journal2 Product Gallery Image Fix</id>
	<version>1.5.x</version>
	<vqmver required="true">2.4.0</vqmver>
	<author>digital-atelier.com</author>
	
	<file path="catalog/controller/product/" name="product.php">
		<operation error="log">
			<search position="before"><![CDATA[$this->data['popup'] = $this->model_tool_image->resize($product_info['image'], $this->config->get('config_image_popup_width'), $this->config->get('config_image_popup_height'));]]></search>
			<add><![CDATA[$this->data['popup_fixed'] = $this->model_tool_image->resize($product_info['image'], $this->config->get('config_image_popup_width'), $this->config->get('config_image_popup_height'));]]></add>
		</operation>
        <operation error="log">
            <search position="before"><![CDATA[$this->data['thumb'] = $this->model_tool_image->resize($product_info['image'], $this->config->get('config_image_thumb_width'), $this->config->get('config_image_thumb_height'));]]></search>
            <add><![CDATA[$this->data['thumb_fixed'] = $this->model_tool_image->resize($product_info['image'], $this->config->get('config_image_additional_width'), $this->config->get('config_image_additional_height'));]]></add>
        </operation>
        <operation error="log">
            <search position="replace"><![CDATA[$this->model_tool_image->resize($option_value['image'], 50, 50),]]></search>
            <add><![CDATA[strpos($this->config->get('config_template'), 'journal2') === 0 ? Journal2Utils::resizeImage($this->model_tool_image, $option_value['image'], $this->journal2->settings->get('product_page_options_push_image_width', 30), $this->journal2->settings->get('product_page_options_push_image_height', 30), 'crop') : $this->model_tool_image->resize($option_value['image'], 50, 50),]]></add>
        </operation>
	</file>
</modification>

