<?xml version="1.0" encoding="UTF-8"?>
<modification>
	<id>Journal2 Side Category Menu</id>
	<version>1.5.x</version>
	<vqmver required="true">2.4.0</vqmver>
	<author>digital-atelier.com</author>
	
    <file path="catalog/controller/common/column_left.php">
        <operation>
            <search><![CDATA[if ($module['layout_id'] == $layout_id && $module['position'] == 'column_left' && $module['status']) {]]></search>
            <add position="replace"><![CDATA[if ( ($module['layout_id'] == $layout_id || $module['layout_id'] == -1) && $module['position'] == 'column_left' && $module['status']) {]]></add>
        </operation>
    </file>

    <file path="catalog/controller/common/column_right.php">
        <operation>
            <search><![CDATA[if ($module['layout_id'] == $layout_id && $module['position'] == 'column_right' && $module['status']) {]]></search>
            <add position="replace"><![CDATA[if ( ($module['layout_id'] == $layout_id || $module['layout_id'] == -1) && $module['position'] == 'column_right' && $module['status']) {]]></add>
        </operation>
    </file>

</modification>

